Model,Mean_score,Std_score,Mean_runtime,Std_runtime
CNN,492.4971094136096,4.406483796553917,106.46105179786682,1.0013256491336804
EEGNet,540.9307894197331,0.3155621007262136,50.49501991271973,0.16872641750979306
InceptionTime,355.1430208111575,0.9492133837288571,214.45898056030273,0.5333468141648726
PyramidalCNN,397.28138380164665,1.4937543659591985,62.40834126472473,0.25109295730547104
Xception,357.6113028267964,1.5370675775116738,134.20040926933288,0.876442399352488
